metric,value
lags,12.0
LM_stat,118.03034399693419
LM_pvalue,1.5254787782187204e-19
F_stat,11.04134688722325
F_pvalue,6.895829652675872e-21
