Model,Distribution,Success,Optimizer,Message,LogLik,AIC,BIC,AIC_per_obs,BIC_per_obs
GARCH,t,True,Powell,Optimization terminated successfully.,3499.3179503244673,-6984.635900648935,-6950.373210372901,-7.076632118185344,-7.041918146274469
GARCH,skewt,True,L-BFGS-B,CONVERGENCE: RELATIVE REDUCTION OF F <= FACTR*EPSMCH,3499.3688844761054,-6982.737768952211,-6943.580408636743,-7.0747089857671845,-7.035035875011898
GARCH-M,t,True,L-BFGS-B,CONVERGENCE: RELATIVE REDUCTION OF F <= FACTR*EPSMCH,3492.213441060988,-6968.426882121976,-6929.269521806508,-7.060209607013147,-7.0205364962578605
GARCH-M,skewt,True,L-BFGS-B,CONVERGENCE: RELATIVE REDUCTION OF F <= FACTR*EPSMCH,3492.861797173512,-6967.723594347024,-6923.671563992123,-7.059497056076013,-7.014864806476315
GARCH,normal,True,L-BFGS-B,CONVERGENCE: RELATIVE REDUCTION OF F <= FACTR*EPSMCH,3414.4655076692006,-6816.931015338401,-6787.5629951018,-6.906718353939616,-6.876963520873151
GARCH-M,normal,True,L-BFGS-B,CONVERGENCE: RELATIVE REDUCTION OF F <= FACTR*EPSMCH,3413.399489294793,-6812.798978589586,-6778.536288313552,-6.902531893201202,-6.867817921290326
