metric,value
lags,12.0
LM_stat,27.99626834134821
LM_pvalue,0.005539007443853011
F_stat,2.3526226733991407
F_pvalue,0.00536669748014128
