Model,Distribution,Success,Optimizer,Message,LogLik,AIC,BIC,AIC_per_obs,BIC_per_obs
EGARCH,skewt,True,SLSQP,Optimization terminated successfully,6920.194020510898,-13822.388041021795,-13772.804023627647,-7.573911255354409,-7.546741930754875
EGARCH,t,True,SLSQP,Optimization terminated successfully,6913.284628766531,-13810.569257533061,-13766.49457540493,-7.567435209607157,-7.543284698852016
GJR-GARCH,t,True,L-BFGS-B,CONVERGENCE: RELATIVE REDUCTION OF F <= FACTR*EPSMCH,6905.832772529919,-13795.665545059837,-13751.590862931705,-7.55926879181361,-7.535118281058469
GJR-GARCH,skewt,True,SLSQP,Optimization terminated successfully,6898.596092171132,-13779.192184342264,-13729.608166948115,-7.550242292790282,-7.523072968190748
APARCH,t,False,L-BFGS-B,ABNORMAL: ,6894.461004506343,-13770.922009012686,-13721.337991618537,-7.545710689869964,-7.518541365270431
APARCH,skewt,True,L-BFGS-B,CONVERGENCE: RELATIVE REDUCTION OF F <= FACTR*EPSMCH,6892.160062842331,-13764.320125684662,-13709.226773024497,-7.54209321955324,-7.5119050811093135
EGARCH,normal,True,SLSQP,Optimization terminated successfully,6850.784043984982,-13687.568087969965,-13649.002741107848,-7.500037308476693,-7.478905611565944
GJR-GARCH,normal,True,Powell,Optimization terminated successfully.,6845.591201102668,-13677.182402205335,-13638.617055343218,-7.494346521756348,-7.473214824845599
APARCH,normal,True,L-BFGS-B,CONVERGENCE: RELATIVE REDUCTION OF F <= FACTR*EPSMCH,6827.981421038582,-13639.962842077164,-13595.88815994903,-7.473952242234063,-7.449801731478921
