metric,value
jarque_bera,388.7283085397234
jarque_bera_pvalue,3.8790048339133156e-85
