Model,Distribution,Success,Optimizer,Message,LogLik,AIC,BIC,AIC_per_obs,BIC_per_obs
GARCH,t,True,L-BFGS-B,CONVERGENCE: RELATIVE REDUCTION OF F <= FACTR*EPSMCH,6901.603228858727,-13789.206457717453,-13750.641110855337,-7.555729565872577,-7.5345978689618285
GARCH,skewt,True,L-BFGS-B,CONVERGENCE: RELATIVE REDUCTION OF F <= FACTR*EPSMCH,6895.053064053132,-13774.106128106265,-13730.031445978133,-7.547455412660967,-7.523304901905826
GARCH-M,t,True,L-BFGS-B,CONVERGENCE: RELATIVE REDUCTION OF F <= FACTR*EPSMCH,6879.6290494984205,-13743.258098996841,-13699.18341686871,-7.530552383011968,-7.506401872256827
GARCH-M,skewt,True,L-BFGS-B,CONVERGENCE: RELATIVE REDUCTION OF F <= FACTR*EPSMCH,6873.3424969302505,-13728.684993860501,-13679.100976466352,-7.522567119923562,-7.4953977953240285
GARCH,normal,True,Powell,Optimization terminated successfully.,6841.184720311804,-13670.369440623608,-13637.313429027508,-7.490613392122525,-7.472500509056169
GARCH-M,normal,True,L-BFGS-B,CONVERGENCE: RELATIVE REDUCTION OF F <= FACTR*EPSMCH,6815.2209316615845,-13616.441863323169,-13577.876516461052,-7.4610640346976265,-7.439932337786878
